Crops,Fruit,Almond,Amygdalus communis,Cailfornia papershell
,,,,Cristomarto
,,,,Fascionello
,,,,Geneco
,,,,Hybrid-15
,,,,JK-55
,,,,Marcona
,,,,Non-Pariel
,,,,Peerles
,,,,Pethick’s wonder
,,,,Texas
,,,,Vesta
,,,,Makhdoom
,,,,Parbat
,,,,Waris
,,,,Shalimar
,,,,Neplus ultra
,,,,Afghanistan seedling
,,Aonla,Emblica officinalis,Banarasi 
,,,,Francis 
,,,,Chakaiya 
,,,,Kanchan 
,,,,NA 6 
,,,,NA 7 
,,,,Anand 1 
,,,,Anand 2
,,,,Anand 3
,,Apple,Malus pumila,Ambri
,,,,Ambred
,,,,Ambroyal
,,,,American mother
,,,,Anna
,,,,Apirouge kerry pippin
,,,,Rome beauty
,,,,Baldwin 
,,,,Yellow newton
,,,,Bright-n-early
,,,,Chamure golden
,,,,Chaubattia anupam
,,,,Chaubattia princess
,,,,Coop-12
,,,,Coop-13
,,,,Cortland golden
,,,,Cox’s orange pippin
,,,,Red Delicious 
,,,,Early Shan burry
,,,,Fenny
,,,,Benoni
,,,,Firdous
,,,,Florina
,,,,Freedom
,,,,Golden delicious
,,,,Golden spur
,,,,Granny smith
,,,,Hardiman
,,,,Irish peach
,,,,Jon free
,,,,King pippin american
,,,,Lal ambri
,,,,Lord lambourne
,,,,McIntosh
,,,,Michael molies
,,,,Michal
,,,,Miller’s sturdy spur
,,,,Neomi
,,,,Nova easy grow
,,,,Nova mac
,,,,Oregon spur-II
,,,,Parlin’s beauty
,,,,Prima
,,,,Priscilla
,,,,Razakwar jonathan
,,,,Red chief oregon
,,,,Red delicious 
,,,,Red gold
,,,,Red gold queen’s
,,,,Red lord lambourne
,,,,Red spur
,,,,Buckingham
,,,,Rymer 
,,,,Scarlet siberian
,,,,Schlomit
,,,,Shireen
,,,,Silver super
,,,,Sir prize
,,,,Skyline supreme
,,,,Smith
,,,,Staring delicious
,,,,Stark spur
,,,,Starkrimson
,,,,Sunehari
,,,,Super red spur red
,,,,Tamma
,,,,Top red
,,,,Tropical beauty
,,,,Tydeman’s early
,,,,Vance delicious
,,,,Vered
,,,,Well spur
,,,,White dotted red
,,,,Winter banana
,,,,Granny smith
,,,,Yellow newton
,,Apricot,Prunus armeniaca,Alfred
,,,,Ambroise
,,,,Australian
,,,,Baiti
,,,,Bebeco
,,,,Beladi
,,,,Charmagaz
,,,,Chaubattia alankar
,,,,Chaubattia madhu
,,,,Chaubattia kesri
,,,,Early shipley
,,,,Farming dale
,,,,Halman
,,,,Kaisha
,,,,Khante
,,,,Margulam
,,,,Moorpark
,,,,Nari
,,,,Narmu
,,,,New castle
,,,,Nugget
,,,,Rakchakarpa
,,,,Rogan
,,,,Royal
,,,,Shakarpara
,,,,Suffaida
,,,,Tokpopa
,,,,Turkey
,,Avocado,Persea americana,Bacon
,,,,Booth-7
,,,,Booth-8
,,,,Collinson
,,,,Ettinger
,,,,Fuerte
,,,,Gottfreid
,,,,Green
,,,,Purple
,,,,Hass
,,,,Linda
,,,,Nabal
,,,,Pinkerton
,,,,Pollock
,,,,Puebla
,,,,Sharwil
,,,,Waldin
,,,,Zutano
,,Bael,Aegle marmelos,Kaghzi gonda
,,,,Kaghzi mirzapuri
,,,,Kagzi banarasi
,,,,Kagzi etawah
,,,,Narendra bael-1
,,,,Narendra bael-2
,,Banana,Musa Acuminata,Alpon
,,,,Amritpani
,,,,Basrai
,,,,Bharat moni
,,,,Bhimkol
,,,,Bluggoe
,,,,Borjahaji
,,,,Brazilian
,,,,Chakrakeli
,,,,Chini champa
,,,,Common dwarf
,,,,Digjowa
,,,,Dwarf cavendis
,,,,Elakkibale
,,,,Enano gigante
,,,,FHIA-1 (Gold finger)
,,,,FHIA-3
,,,,G-9
,,,,Gandevi selection
,,,,Gauria
,,,,Giant cavendish
,,,,Giant governor
,,,,Golden beauty
,,,,Grand naine
,,,,Harichal
,,,,Honda
,,,,Ice cream
,,,,Jahaji
,,,,Jatikol
,,,,Kanchkol
,,,,Kanthali
,,,,Kappa pazham
,,,,Karpoora poovan
,,,,Karpuravalli
,,,,Kathali
,,,,Kothia
,,,,Kulpait
,,,,Kunnan
,,,,Lacatan
,,,,Lal velchi
,,,,Macho
,,,,Malbhog
,,,,Manjahaji
,,,,Maricongo
,,,,Matti
,,,,Monthan
,,,,Muthia
,,,,Mysore
,,,,Nendran
,,,,Ney poovan
,,,,Orinoco
,,,,Pachanadan
,,,,Palayankodan
,,,,Patkapura
,,,,Peyan
,,,,Philippine lakatan
,,,,Pisang masak hijau
,,,,Poovan
,,,,Rajeli nendran
,,,,Rasthali
,,,,Red banana
,,,,Robusta
,,,,Safed velchi
,,,,Sakkai
,,,,Santa catarina silver
,,,,Shreemanti
,,,,Shrimati
,,,,Singapuri
,,,,Thellachakrakeli
,,,,Virupakashi
,,,,Williams
,,,,Yenagu bontha
,,Ber,Ziziphus mauritiana,Umran 
,,,,Gola
,,,,Illaichi 
,,,,Mehrun 
,,,,Mundia 
,,,,Banarasi 
,,,,Sanaur 
,,,,Selected safeda
,,,,Sandhura narnaul
,,,,Seb
,,,,Seo
,,Bread fruit,Artocarpus incisa
,,Carambola,Averrhoa carambola,Icambola 
,,,,Tean Ma
,,,,Min Tao
,,,,Golden Star
,,Cherry,Prunus avium,Bedford prolific
,,,,Bigarreau napoleon
,,,,Bigarreau noir gross
,,,,Bing
,,,,Black republican
,,,,Black tartarian
,,,,Early purple black heart
,,,,Early rivers
,,,,Governor’s wood
,,,,Guigne noir 
,,,,Gross lucenta
,,,,Guigne noir hative
,,,,Guigne pourpova
,,,,Lambert
,,,,Precece
,,,,Napoleon white
,,,,Pink early
,,,,Sam
,,,,Sue
,,,,Van
,,,,White heart
,,Custard apple,Annona squamosa,Annona-2
,,,,Arka sahan
,,,,Balanagar
,,,,Hybrid
,,,,NMK-1
,,,,Saharanpur local 
,,,,Purandhar
,,,,Red sitaphal
,,,,Washington
,,Date palm,Phoenix dactylifera,Khadrawy 
,,,,Medjool
,,,,Sharan
,,,,Halawy
,,,,Barhee
,,,,Khalas 
,,,,Sevi 
,,,,Khunezi 
,,,,Zahidi 
,,,,Pind khajoor 
,,,,Thoory 
,,,,Dayari 
,,,,Deglet Noor 
,,,,Zagloul 
,,Durian,Durio zibethinus,Frog
,,,,Longstem
,,,,Gibbon
,,,,Golden Pillow
,,Fig,Ficus carica,Brawley
,,,,Brown
,,,,Calimyrna
,,,,Conardia
,,,,Dauphine
,,,,Gentile
,,,,Kadota
,,,,Lampeiria
,,,,Mission
,,,,Poona
,,,,Roeding
,,,,Samson
,,,,San pedro
,,,,Stanford
,,,,Taranimt
,,,,Zidi
,,Grape,Vitis vinifera,Anab-e-Shahi
,,,,Bangalore blue
,,,,Beauty seedless
,,,,Dilkhus
,,,,Gulabi
,,,,Manik chaman
,,,,Perlette
,,,,Pusa seedless
,,,,Sharad seedless
,,,,Sonaka
,,,,Tas-A-ganesh
,,,,Thompson seedless
,,,,Pusa Urvasi
,,,,Pusa Navrang
,,,,Arka Hans
,,,,Arka Shyama
,,,,Arka Kanchan
,,,,Arkavati
,,,,Arka Soma
,,,,Arka Majestic
,,,,Arka Shweta
,,,,Arka Trishna
,,Guava,Psidium guajava,Allahabad safeda
,,,,Allahabad surkha
,,,,Apple colour
,,,,Arka mridula
,,,,Chittidar
,,,,Hafshi
,,,,Harijha
,,,,Lucknow-49
,,,,Nagpur seedless
,,,,Saharanpur seedless
,,,,Pusa Srijan
,,Jackfruit,Artocarpus heterophyllus,Ceylon jack
,,,,Gulabi
,,,,Hazar
,,,,Koozha
,,,,Muttam varikka
,,,,Navarikka
,,,,NJC-1
,,,,NJC-2
,,,,NJC-3
,,,,NJC-4
,,,,NJT-1
,,,,NJT-2
,,,,NJT-3
,,,,NJT-4
,,,,Rudrakshi
,,,,Varikka koozha
,,Jamun,Syzygium cuminii,Raj jamun 2 
,,,,Paras
,,,,Narendra jamun  6
,,Karonda,Carissa carandas,Maroon 
,,Kiwi,Actinidia deliciosa,Abbott
,,,,Allison
,,,,Bruno
,,,,Hayward
,,,,Monty
,,,,Tomuri
,,Lime,Citrus aurantifolia,Pramalini 
,,,,Vikram 
,,,,Chakradhar 
,,,,PKM -1 
,,,,Sai sarbati 
,,,,Jai devi 
,,Lemon,Citrus limon,Eureka
,,,,Kagzi kalan
,,,,Lisbon
,,,,Lucknow seedless
,,,,Nepali oblong
,,,,Nepali round
,,,,Pant lemon-I
,,,,Villafranca
,,Litchi,Litchi chinensis,Bombay green
,,,,Bombai
,,,,Calcuttia
,,,,Dehradun
,,,,Deshi
,,,,Early seedless
,,,,Gulabi
,,,,Kalyani selection
,,,,Kasba
,,,,Late seedless
,,,,Purbi
,,,,Rose scented
,,,,Shahi
,,,,Swaran roopa
,,Loquat,Eriobotrya japonica,California advance
,,,,Fire ball
,,,,Golden yellow
,,,,Improved golden yellow
,,,,Improved pale yellow
,,,,Large agra
,,,,Large round
,,,,Mammoth
,,,,Matchless
,,,,Pale yellow
,,,,Safeda
,,,,Tanaka
,,,,Thames pride
,,Mahua,Bassia latifolia,NM2
,,,,NM4
,,,,NM7
,,,,NM8
,,Mandarin orange,Citrus reticulata,Coorg
,,,,Khasi
,,,,Kinnow
,,,,Nagpur
,,Mango,Mangifera indica,Alphonso
,,,,Amrapali
,,,,Arka puneet
,,,,Baiganpalli
,,,,Bombay green
,,,,Chausa
,,,,Clone C-51
,,,,Dashehari
,,,,Fazli
,,,,Gulabkhas
,,,,Himsagar
,,,,Jamadar
,,,,Kesar
,,,,Kishenbhog
,,,,Langra
,,,,Malda
,,,,Mallika
,,,,Mankurad
,,,,Mulgoa
,,,,Neelum
,,,,Niranjan
,,,,Pairi
,,,,Rajapuri
,,,,Sindhu
,,,,Suvaranarekha
,,,,Totapuri
,,,,Zardalu
,,,,Pusa Arunima
,,,,Pusa Surya
,,,,Pusa Pratibha
,,,,Pusa Shreshth
,,,,Pusa Peetamber
,,,,Pusa lalima
,,,,Arka Neelkiran
,,Olive,Olea europaea,Carolea
,,,,Coratina
,,,,Pendolino
,,,,Frontoio
,,,,Canino
,,,,Ascolanaterena
,,,,Aglandeau
,,,,Ascolano
,,,,Mission
,,,,Grosseune
,,,,Picholine
,, ,,Cornicobra
,,,,Coratina
,,Papaya,Carica papaya,Pusa delicious
,,,,Pusa majesty
,,,,Pusa giant
,,,,Pusa dwarf
,,,,Pusa nanha
,,,,Coorg honey dew
,,,,Pink flesh sweet
,,,,Pant-1
,,,,Sunrise solo
,,,,Taiwan
,,Passion fruit,Passiflora edulis,Kaveri purple 
,,,,Noel purple
,,Peach,Prunus persica,Alexander
,,,,Alton
,,,,Candor
,,,,CO smith
,,,,Crawford early
,,,,Dawn rambler
,,,,Dawn rose
,,,,Delux
,,,,Early candor
,,,,Early white giant
,,,,Flordasun
,,,,July elberta
,,,,Kanto-5
,,,,Nectarine
,,,,Parrot
,,,,Peregrine
,,,,Peshwari
,,,,Prairie dawn
,,,,Prairie rambler
,,,,Prairie rose
,,,,Quetta
,,,,Redhaven
,,,,Safeda early cream
,,,,Saharanpur
,,,,Shimizu hakuto
,,,,SRE-6
,,,,Stark early
,,,,Stark earlyglo
,,,,Stark red gold
,,,,Starking delicious
,,,,Sunhaven
,,,,White giant
,,,,World's earliest
,,Pear,Pyrus communis,Bartlett
,,,,Beurre-de-amanlis
,,,,China pear
,,,,China sand pear
,,,,Citron do carme
,,,,Clapp's favourite
,,,,Comice
,,,,Conference
,,,,Doyenne bussoch
,,,,Dr jule's guyot
,,,,Early china
,,,,Fertility
,,,,Flemish beauty
,,,,Genta drauard fertility
,,,,Gola
,,,,Hardy
,,,,Laxton's superb
,,,,Le conte
,,,,Max red bartlett
,,,,Partharnakh
,,,,Seckel
,,,,Viear of winkfield
,,,,William bartlett
,,,,Winter nellis
,,Persimmon,Diospyros kaki,Fuyu 
,,,,Jiro 
,,,,20th Century 
,,,,Mastumoto 
,,,,Hachiya 
,,,,Nightingale 
,,,,Trimph 
,,,,Hiratanenashi 
,,,,Hyakuma
,,Phalsa,Grewia subinaequalis,Sharbati local 
,,Pineapple,Ananas comosus,Charrlotte rothchild
,,,,Giant kew
,,,,Jaldhup
,,,,Kew
,,,,Lakhat
,,,,Mauritious
,,,,Queen
,,Plum,Prunus salicina,Alubhukhara sharbati
,,,,Alucha purple
,,,,Beauty
,,,,Black chamba
,,,,Bryanstones ganze
,,,,Burbank
,,,,Cloth of gold
,,,,Early red beaut
,,,,Early subza
,,,,Elephant heart
,,,,Formosa
,,,,Frontier
,,,,Golden gage
,,,,Grand duke
,,,,Howe
,,,,Jamuni
,,,,Kala amritsari
,,,,Kataru chak
,,,,Kelsey
,,,,Late yellow
,,,,Mariposa
,,,,Maynard sharps
,,,,Methley
,,,,Plum first ramgarh
,,,,Ramgarh maynard
,,,,Red ace
,,,,Reine claude bavy
,,,,Saharanpuri white
,,,,Santa rosa
,,,,Satluj purple
,,,,Satsuma
,,,,Settler
,,,,Silver wickson
,,,,Sweet early
,,,,Tarrol
,,,,Titron
,,,,Transparent cage
,,,,Victoria
,,,,Zardula
,,,,Zardalu chittidar
,,Pomegranate,Punica granatum,Alandi
,,,,Bassein seedless
,,,,Chawla
,,,,Country large red
,,,,Dholka
,,,,G-137
,,,,Ganesh
,,,,IIHR selection
,,,,Jalore seedless
,,,,Jodhpuri red
,,,,Jodhpuri white
,,,,Kabul
,,,,Kandhari
,,,,Karadi
,,,,Madhugiri
,,,,Mridula
,,,,Muskati red
,,,,Nabha
,,,,P-23
,,,,P-26
,,,,Paper shelled
,,,,Ruby
,,,,Spanish ruby
,,,,Vadki
,,,,Velludu
,,,,Yercaud-1
,,Rambutan,Nephelium lappaceum,Arka Coorg Arun
,,,,Arka Coorg Patib
,,Sapota,Manilkara achras,Cricket ball
,,,,Kalipatti
,,,,Calcutta round
,,,,Kirthibharathi
,,,,Dwarapudi
,,,,Pala
,,,,PKM-1
,,,,Bangalore
,,,,Vavi Valsa
,,,,Baramasi
,,,,Pilipatti
,,,,Dhola Diwani
,,,,Murabba
,,,,Guthi
,,,,Baharu
,,,,Gandhevi Barada
,,Strawberry,Fragaria ananassa,Belrubi
,,,,Chandler
,,,,Fern
,,,,Pajaro
,,,,Selva
,,,,Tioga
,,,,Torrey
,,Sweet orange,Citrus aurantium,Blood red
,,,,Hamlin
,,,,Jaffa
,,,,Mosambi
,,,,Satgudi
,,,,Valencia
,,Walnut,Juglans regia,Lake English
,,,,Drainovsky
,,,,Opex Caulchry
,,,,Kashmir Budded
,,,,Franquetfe
,,,,Wilson
,,,,Placentia
,,,,Eureka
,,,,Gobind
,,,,Chakrata Selections
,Vegetable,Agathi,Sesbania grandiflora
,,Amaranthus,Amaranthus spp.,Amt-105
,,,,AMT-237
,,,,Arka arunima
,,,,Arka suguna
,,,,Badi chaulai
,,,,Choti chaulai
,,,,Lal sag
,,,,Pusa kirti
,,,,Pusa Kiran
,,,,Pusa lal chaulai
,,Ash gourd,Benincasa hispida,KAU local
,,,,CO 1
,,,,CO 2
,,,,Pusa Ujjwal
,,,,Kashi ujawal
,,,,Indu
,,,,APAU Shakthi
,,,,Karikumbala
,,,,IVAG-502
,,,,MHAG 2
,,Beet root,Beta vulgaris,Crimson globe
,,,,Crosby egyptian
,,,,Detroit dark red
,,,,Early wonder
,,Bitter gourd,Momordica charantia,Arka harit
,,,,Arka sujat
,,,,Arka sumeet
,,,,Coimbatore long white
,,,,Harkani
,,,,Kalyanpur baramasi
,,,,Konkan tara
,,,,Pant karela-1
,,,,Phule green gold
,,,,Phule ujwala
,,,,Preethi
,,,,Pride of gujarat
,,,,Priyanka
,,,,Pusa do mausami
,,,,Pusa vishesh
,,,,RHR-BGH-1
,,,,Solan green
,,,,VK-1-Priya
,,Bottle gourd,Lagenaria siceraria,Arka bahar
,,,,Azad nutan
,,,,Gutka
,,,,Kalyanpur long green
,,,,Kalyanpur hari lambi
,,,,NDGB-2
,,,,NDGB-4
,,,,Panjab komal
,,,,Panjab long
,,,,PBOG
,,,,Phule BTG-1
,,,,Punjab round
,,,,Pusa hybrid-3
,,,,Pusa manjari
,,,,Pusa meghdut
,,,,Pusa naveen
,,,,Pusa sandesh
,,,,Pusa summer prolific long
,,,,Pusa summer prolific round
,,,,Pusa supria
,,,,Rajendra chamatkar
,,,,Samrat
,,,,Varad
,,Brinjal,Solanum melongena,ABH-1
,,,,ABH-2
,,,,Annamalai
,,,,Arka anand
,,,,Arka keshav
,,,,Arka kusumakar
,,,,Arka navaneet
,,,,Arka neelakant
,,,,Arka nidhi
,,,,Arka sheel
,,,,Arka shirish
,,,,ARU-2C
,,,,Azad-B1
,,,,Bhagyamathi
,,,,BR-112
,,,,CARI brinjal1
,,,,Gujarat-6
,,,,Hisar jamuni
,,,,Hisar shyamal
,,,,Jamuni gole
,,,,Junagarh lnog
,,,,K-202-9
,,,,Kashi komal
,,,,Kashi prakash
,,,,Kashi sandesh
,,,,Kashi taru
,,,,Manjri gota
,,,,Mysore green
,,,,NDB-25
,,,,NDBH-1
,,,,NDBH-6
,,,,Pant rituraj
,,,,Pant samrat
,,,,PH-4
,,,,PLR-1
,,,,PPI-1
,,,,Punjab bahar
,,,,Punjab barsati
,,,,Punjab chamkila
,,,,Punjab neelam
,,,,Punjab sadabahar
,,,,Pusa ankur
,,,,Pusa anupam
,,,,Pusa bhairav
,,,,Pusa bindu
,,,,Pusa hybrid-5
,,,,Pusa hybrid-6
,,,,Pusa hybrid-9
,,,,Pusa kranti
,,,,Pusa purple cluster
,,,,Pusa purple long
,,,,Pusa shyamla
,,,,Pusa upkar
,,,,Pusa uttam
,,,,Vaishali
,,,,Whie cluster
,,Capsicum,Capsicum annuum,California Wonder
,,,,Pusa Deepti
,,,,Arka Mohini
,,,,Arka Gaurav
,,,,Arka Basant
,,Broccoli,Brassica oleracea var. italica,Coastal atlantic
,,,,Decico
,,,,Green head
,,,,Green mountain
,,,,Greenbud
,,,,Italian green
,,,,Palam samridhi
,,,,Punjab brocoli-1
,,,,Pusa KTS-1
,,,,Sparten early
,,Cabbage,Brassica oleracea var.capitata,Copenhangen market
,,,,Early wonder
,,,,Eclips 
,,,,Glory of enkhuizen
,,,,Golden acre
,,,,Large solid
,,,,Late drumhead 
,,,,Maha rani
,,,,Mid season market
,,,,Pride of india 
,,,,Pusa drumhead
,,,,Pusa mukta
,,,,Pusa sambandh
,,,,Pusa synthetic
,,,,Quisto
,,,,Red acre
,,Carrot,Daucus carota,Chantenay
,,,,Danvers
,,,,Early nantes
,,,,Imperator
,,,,Nantes half long
,,,,Pusa kesar
,,,,Pusa meghali
,,,,Pusa yamdagini
,,,,Sel-233
,,,,Zeno
,,Cassava,Manihot esculenta,H-165
,,,,H-226
,,,,H-97
,,,,KMC-1
,,,,M-4
,,,,Nidhi
,,,,Sree harsha
,,,,Sree prakash
,,,,Sree sandhya
,,,,Sree visakham
,,Cauliflower,Brassica oleracea var.botrytis,Arka kanti 
,,,,Cuba giant
,,,,Dania kalimpong
,,,,Early kunwar
,,,,Early synthetic
,,,,Pant gobhi-2
,,,,Pant gobhi-3
,,,,Pant shubhra
,,,,Patna mid season
,,,,Punjab giant-26
,,,,Punjab giant-35
,,,,Pusa aghani
,,,,Pusa dapoli
,,,,Pusa deepali
,,,,Pusa early synthetic
,,,,Pusa himjyoti
,,,,Pusa ketki
,,,,Pusa snowball-1
,,,,Second early
,,,,Second early kunwar
,,,,Snow ball
,,,,Sonwball-16
,,,,Tropi cross marval
,,Celery,Apium graveolens,Emperor of jeen
,,,,Florida golden 
,,,,Frok hook emperor
,,,,Giant pascal
,,,,Golden
,,,,Green leaved
,,,,RR-185-1
,,,,Standard bearer
,,,,Wright grove giant 
,,Chilli,Capsicum frutescens,Andhra jyoti
,,,,Aparna
,,,,Arka abhir
,,,,Arka harita
,,,,Arka harita
,,,,Arka lohit
,,,,Arka meghana
,,,,Arka meghana
,,,,Arka suphal
,,,,Arka sweta
,,,,Arka sweta
,,,,Co-4 (vegetable type)
,,,,G-3
,,,,Hybrid kashi early
,,,,Jawahar-218
,,,,K-2
,,,,Kashi anmol
,,,,Kashi surkh
,,,,KKM (ch)-1
,,,,KKM-1
,,,,KT-PL-19
,,,,PLR-1
,,,,Pusa jwala
,,Colocasia,Colocasia esculenta,Kakakachu
,,,,NDC-1
,,,,NDC-2
,,,,NDC-3
,,,,Panchamukhi
,,,,Saharsmukhi
,,,,Satamukhi
,,,,Sree pallavi
,,,,Sree rashmi
,,,,White gauriya
,,Cucumber,Cucumis sativus,Chaina long
,,,,Himangi
,,,,Japanese long green
,,,,Khira-75
,,,,Khira-90
,,,,Long green
,,,,Phule shubhangi
,,,,Poinsettee
,,,,Pusa sanyog
,,,,Pusa uday
,,,,Straight eight 
,,Curry Leaf,Murraya koenigii,DWD-2
,,,,Sen kaampa
,,,,Senakanbu
,,,,Suvasani (DWD-1)
,,Drumstick,Moringa oleifera,Chavakacheri muringai
,,,,Chemmurungai
,,,,Jaffna type
,,,,Kattumurungai
,,,,Kodikalmurungai
,,,,Palmurungai
,,,,Punamurungai
,,,,Yazphanam muringa
,,Elephant-foot yam,Amorphophallus paeoniifolius,Sree Padma
,,,,Gajendra
,,,,Kusum
,,French bean,Phaseolus vulgaris,Contender
,,,,Pusa Parvati
,,,,Arka Anoop
,,,,Arka bold
,,,,Arka komal
,,,,Bountiful
,,,,Contender
,,,,Jampa
,,,,Kashi harittima
,,,,Kashi param
,,,,Kentucky wonder
,,,,Lakshmi
,,,,Pant anupma
,,,,Premier
,,,,Pusa parvati
,,,,Sel-EC-10801
,,,,Sel-EC-57080
,,,,SVM1
,,,,YCD 1
,,,,Ooty 1
,,,,Ooty (FB) 2
,,,,Arka Sampoorna
,,,,Arka Karthik
,,,,Arka Suvidha
,,,,Arka Samrudhi
,,,,Arka Suman
,,Garlic,Allium sativum,Agrifound parvati
,,,,Agrifound white
,,,,ARU-52
,,,,Bhima omkar
,,,,Bhima purple
,,,,Fawari
,,,,G-282
,,,,G-410
,,,,Garlic-9
,,,,HG-1
,,,,HG-6
,,,,Jamnagar
,,,,LCC-1
,,,,Madrasi
,,,,Ooty local
,,,,Pusa sel-10
,,,,Rahuri local
,,,,Rajalle gaddi
,,,,Rajli gaddi
,,,,Selection-10
,,,,T56-4
,,,,Tabiti
,,,,Yamuna safed
,,Knol-khol,Brassica oleracea var. gongylodes,Sutton's Earliest Purple
,,,,Sadashiv
,,,,Early White Vienna
,,,,King of the market
,,,,Early purple Vienna
,,Lablab bean,Lablab purpureus,Pusa Sem-2
,,,,Pusa Sem-3
,,,,Arka Jay
,,,,Arka Vijay
,,,,Hisar Kirti
,,,,GJIB-2
,,,,Kalyanpur type 2
,,,,Rajni
,,,,Azad Sem-1
,,Lettuce,Lactuca sativa,Celtuce
,,,,Chinese yellow
,,,,Dark green
,,,,Great lake
,,,,Imperial-859
,,,,Punjab lettuce-No-1
,,,,Sioboit
,,,,Slow bolt
,,,,White bost
,,Muskmelon,Cucumis melo,Arka jeet
,,,,Arka rajhans
,,,,Durgapura madhu
,,,,Hara madhu
,,,,Hisar madhur
,,,,Hisar saras
,,,,MH-10
,,,,Punjab hybrid
,,,,Punjab rasila
,,,,Punjab sunehri
,,,,Pusa madhuras
,,,,Pusa rasraj
,,,,Pusa sharbati
,,Okra,Abelmoschus esculentus,Arka abhay
,,,,Arka anamika
,,,,Azad kranti
,,,,Gujarat bhindi-1
,,,,Harbhajan bhindi
,,,,Hisar unnat
,,,,Hybrid kashi bhairav
,,,,Kashi mangali
,,,,Kashi mohini
,,,,Kashi pragati
,,,,Kashi satdhari
,,,,Kashi vibhuti
,,,,Kashi mahima
,,,,Parbhani kranti
,,,,Perkins long green
,,,,Punjab-7
,,,,Punjab-8
,,,,Punjab padmini
,,,,Pusa-A-4
,,,,Pusa makhmali
,,,,Pusa sawani
,,,,Red bhindi
,,,,Shitla jyoti
,,,,Shitla uphar
,,,,TN hybrid-8
,,,,Varsha uphar
,,Onion,Allium cepa,Arka kalyan
,,,,Agrifound dark red
,,,,Agrifound light red
,,,,Agrifound rose
,,,,Akola safed
,,,,Aprita (RO-59)
,,,,Arka akshay
,,,,Arka bheem
,,,,Arka bindhu
,,,,Arka kirtiman
,,,,Arka lalima
,,,,Arka niketan
,,,,Arka pitambhar
,,,,Arka pragati
,,,,Arka sona
,,,,Arka ujjwal
,,,,Arka vishwas
,,,,Banglore rose
,,,,Baswant-780
,,,,Bellary red
,,,,Bhima dark red
,,,,Bhima kiran
,,,,Bhima ra
,,,,Bhima raj
,,,,Bhima shakti 
,,,,Bhima shubra
,,,,Bhima shweta
,,,,Bhima super
,,,,Brown spanish
,,,,Bsant-780
,,,,Cerole
,,,,Early grano
,,,,Fursungi
,,,,K-P-onion
,,,,Klyanpur red round
,,,,L-28
,,,,N-24-1
,,,,N-2-4-1
,,,,N-257-9-1
,,,,N-53
,,,,Nasik red
,,,,Nimar local 
,,,,Patna red
,,,,Phule safed
,,,,Phule samarth
,,,,Phule suwarna
,,,,Phule swarna
,,,,Pillipatti junagarh 
,,,,Punjab naroya
,,,,Punjab red round
,,,,Pusa madhvi
,,,,Pusa ratnar
,,,,Pusa whaite round
,,,,Pusa white flat
,,,,Pusa white round
,,,,S-131
,,,,Singapore red
,,,,Sukhsagar
,,,,Telgi local 
,,,,Udaipur-101
,,,,Udaipur-102
,,,,Udaipur-103
,,Indian spinach,Beta vulgaris var. bengalensis
,,Parsley,Petroselinum hortense,Hamburg
,,,,Moss Curled
,,Pea,Pisum sativum var. hortense,Alderman
,,,,Arka ajit
,,,,Arka apoorva
,,,,Arkel
,,,,Asauji
,,,,Azad pea-3
,,,,Bonneville
,,,,Delwiche commando
,,,,DMR-7
,,,,DPP-62
,,,,Duke of albany
,,,,Early badger
,,,,Early december
,,,,Early giant
,,,,Early superb
,,,,FC-1
,,,,Harbhajan
,,,,HFP-12
,,,,HFP-4
,,,,HUP-1
,,,,Jawahar matar-1
,,,,Jawahar matar-2
,,,,Jawahar matar-3
,,,,Jawahar matar-4
,,,,Jawahar matar-54
,,,,Jawahar matar-71
,,,,Jawahar matar-83
,,,,JP-19
,,,,Kashi mukti
,,,,Kashi nandini
,,,,Kashi shakti
,,,,Kashi udal
,,,,Kelvendon wonder
,,,,Khapera kheda
,,,,KS-225
,,,,KS-245
,,,,Lincoln
,,,,Little marvel
,,,,Lucknow boniya
,,,,Matar ageta
,,,,Meteoror
,,,,Mithiphali
,,,,NP-29
,,,,P-88
,,,,Palam priya
,,,,Pant sabzi matar-3
,,,,Pant upkar
,,,,Perfection new line
,,,,PM-2
,,,,PMR-21
,,,,Pusa pragati
,,,,Solan nirog
,,,,Sylvia
,,,,Thomas laxtan
,,,,UN-53
,,,,VL-ageta matar
,,,,VP-8902
,,,,VP-9003
,,,,Yates early crop
,,Pointed Gourd,Trichosanthes dioica,Bihar sharif
,,,,CH-4
,,,,CH-14
,,,,CH-18
,,,,CHES elite line
,,,,CHES hybrid
,,,,Chhota hill
,,,,Damodar
,,,,Dandali
,,,,Faizabad parwal-1
,,,,Faizabad parwal-3
,,,,Faizabad parwal-4
,,,,Hilli
,,,,Kalyani
,,,,Kazil
,,,,Narendra parwal-260
,,,,Narendra parwal-307
,,,,Narendra parwal-604
,,,,Niriya
,,,,Santoshiya
,,,,Shankolia
,,,,Swarna alukik
,,,,Swarna rekha
,,Potato,Solanum tuberosum,Kufri ashoka
,,,,Kufri badshah
,,,,Kufri bahar
,,,,Kufri chandramukhi
,,,,Kufri chipsona-1
,,,,Kufri chipsona-2
,,,,Kufri dewa
,,,,Kufri jawahar
,,,,Kufri jyoti
,,,,Kufri lalima
,,,,Kufri lauvkar
,,,,Kufri megha
,,,,Kufri muthu
,,,,Kufri pukhraj
,,,,Kufri sindhuri
,,,,Kufri sutlej
,,,,Kufri swarna
,,Pumpkin,Cucurbita moschata,Ambili
,,,,Arka chandan
,,,,Arka suryamukhi
,,,,Australian green
,,,,Early yellow
,,,,Kalyanpur pumpkins-1
,,,,Kashi harit
,,,,Pusa alankar
,,,,Pusa biswas
,,,,Pusa vikas
,,,,Pusa vishwas
,,,,Solan badami
,,Radish,Raphanus sativus,Arka nishant
,,,,Chinese pink
,,,,IHR-1-1
,,,,Japanese white
,,,,Jaunpuri giant
,,,,Kalyani white
,,,,Nadauni
,,,,Punjab safed
,,,,Pusa chetki
,,,,Pusa desi
,,,,Pusa himani
,,,,Pusa reshmi
,,,,Rapid red white tipped
,,,,Scarlet globe
,,,,White icicle
,,Ridge gourd,Luffa acutangula,Konkan harita
,,,,Prsa nasdar
,,,,Satputia
,,,,Surekha
,,Round melon,Citrullus vulgaris var. fistulosus,Hisar Tinda(HT-10)
,,,,Arka Tinda
,,Snake gourd,Trichosanthes cucumerina,Apau swetha
,,,,Konkan shweta
,,,,TAL-19
,,Spinach,Spinacia oleracea,Banarasi
,,,,Early smooth
,,,,Khara lucknow
,,,,Khara palak
,,,,Virginia savoy
,,Sponge gourd,Luffa cylindrica,Phule prajakta
,,,,Pusa chikni
,,,,Pusa supriya
,,Sweet potato,Ipomoea batatas,Bhuban sankar
,,,,H-41
,,,,H-42
,,,,Konkan ashwini
,,,,Rajendra sakarkand-35
,,,,Rajendra sakarkand-43
,,,,Rajendra sakarkand-47
,,,,Rajendra sakarkand-5
,,,,Samarat
,,,,Sree nandani
,,,,Sree vardhini
,,,,VL sakarkand-6
,,Tomato,Solanum lycopersicum,Arka abha
,,,,Arka abha
,,,,Arka abhijit
,,,,Arka abhijit
,,,,Arka ahuti
,,,,Arka alok
,,,,Arka alok
,,,,Arka ananya
,,,,Arka ananya
,,,,Arka ashish
,,,,Arka meghali
,,,,Arka meghali 
,,,,Arka saurab
,,,,Arka saurabh
,,,,Arka shreshta
,,,,Arka shrestra
,,,,Arka vardan
,,,,Arka vikas
,,,,Arka vikas
,,,,Arka vishal
,,,,Arka vishal
,,,,ARTH-3
,,,,ARTH-4
,,,,Avinash-2
,,,,BSS-90
,,,,Hisar anmol
,,,,Hisar arun
,,,,Hisar lalima
,,,,Hisar lalit
,,,,HS-101
,,,,HS-102
,,,,HS-110
,,,,Kashi abhiman
,,,,Kashi amrit
,,,,Kashi anupam
,,,,Kashi hemant
,,,,Kashi sharad
,,,,Kashi vishesh
,,,,KS-3
,,,,Matri
,,,,MTH-6
,,,,NA-601
,,,,Naveen
,,,,Pant bahar
,,,,Punjab chhuhara
,,,,Pusa-120
,,,,Pusa divya
,,,,Pusa early dwarf
,,,,Pusa gaurav
,,,,Pusa hybrid-2
,,,,Pusa hybrid-4
,,,,Pusa hybrid-8
,,,,Pusa rohini
,,,,Pusac ruby
,,,,Pusa sadabahar
,,,,Pusa sheetal
,,,,Pusa uphar
,,,,Rajini
,,,,Roma
,,,,Rupali
,,Turnip,Brassica rapa rapa,Early milan red top
,,,,Golden ball
,,,,Punjab safed-4
,,,,Purple top white globe
,,,,Pusa chandrima
,,,,Pusa kanchan
,,,,Pusa swarnima
,,,,Pusa sweti
,,,,Snow ball
,,Watermelon,Citrullus lanatus,Amruth
,,,,Arka jyoti
,,,,Arka manik
,,,,Asahi yamato
,,,,Century-2
,,,,Durgapura kesar
,,,,Durgapura meetha
,,,,Improved shipper
,,,,Madhu milan
,,,,MHW-11
,,,,MHW-12
,,,,MHW-15
,,,,MHW-4
,,,,MHW-5
,,,,MHW-6
,,,,Mohini
,,,,New hampshire midget
,,,,NS-246
,,,,NS-295
,,,,Pusa bedana
,,,,Samtrupti
,,,,Special-No-1
,,,,Sugar baby
,,Cluster bean,Cyamopsis tetragonoloba,Bundel guar-1
,,,,Bundel guar-2
,,,,Bundel guar-3
,,,,Guar kranti
,,,,RGC-1002
,,,,RGC-1003
,,,,RGC-1017
,,,,RGC-986
,,Cowpea,Vigna unguiculata,Amba
,,,,Bundel lobia-1
,,,,Bundel lobia-2
,,,,Cowpea-236
,,,,Cowpea-88
,,,,Durga kranti
,,,,Gujarat cowpea-2
,,,,Gujarat cowpea-3
,,,,Gujrat cowpea-4
,,,,Haryana cowpea-88
,,,,Kanakmani
,,,,KBC-2
,,,,Konkan cowpea-1
,,,,Krishna mani
,,,,Narendra lobia-1
,,,,Pusa-152
,,,,Pusa sampada
,,,,RC-101
,,,,RC-19
,,,,S-488
,,,,Shubhra
,,,,UPC-4200
,,,,UPC-8705
,,,,UPC-9202
,,,,Pusa-578
,,,,V-240
,,,,T-12
,,,,T-13
,,,,T-78
,,,,T-85
,,,,Tapi (JLT7)
,,,,Tarun
,,,,TC-25
,,,,TC-289
,,,,Thiladhara
,,,,Thilak
,,,,Thilarani
,,,,Tilothama (B67)
,,,,TKG-21
,,,,TKG- 22
,,,,TKG-306
,,,,TKG -308
,,,,TKG-55
,,,,TMV-3
,,,,TMV-4
,,,,TSS-6
,,,,Usha
,,,,Varaha
,,,,Vinayaka
,,,,VRI-SV--2
,,,,VRI-SV-2
,,,,Yellamanchili 1
,,,,Yellamanchili 2
,Spice,Betelvine,Piper betle,Ambadiale
,,,,Assam Patti
,,,,Awani pan
,,,,Bangla
,,,,Birkoli
,,,,Calcutta
,,,,Chennor
,,,,Desi Bangla
,,,,Desi Pan
,,,,Deswari
,,,,Godi Bangla
,,,,Kali Bangla
,,Mushroom,Agaricus bisporus,Kalkodi
,,,,Kalli Patti
,,,,Kapoori
,,,,Karapaku
,,,,Kariyale
,,,,Khasi Pan
,,,,Maghai
,,,,Mitha
,,,,Mysoreale
,,,,Nadan
,,,,Nova Cuttak
,,,,Pachai Kodi
,,,,Paton
,,,,Puthukodi
,,,,Sanchi
,,,,Simurali Bangla
,,,,Tellaku
,,,,Vellaikodi
,,Black pepper,Piper nigrum,Aimpirian
,,,,Arkulam munda
,,,,Balamkotta
,,,,Chumala
,,,,IISR girimunda
,,,,IISR malabar
,,,,IISR sakthi,
,,,,IISR thevam
,,,,Kalluvally
,,,,Karimunda
,,,,Kottanadan
,,,,Kuching
,,,,Kurimalai
,,,,Ottaplackal-1
,,,,Panniyur-2
,,,,Panniyur-3
,,,,Panniyur-5
,,,,Panniyur-1
,,,,Panniyur-4
,,,,Panniyur-6
,,,,Panniyur-7
,,,,PLD-2
,,,,Pournami
,,,,Sreekara
,,,,Subhakara
,,,,Uhiramkotta
,,Bay leaf,Cinnamonum tamala
,,small cardamom,Ellattaria cardamomum,IISR-Vijetha - 1
,,,,Avinash
,,,,Suvasini 
,,,,Coorg Cardamom Selection-1
,,Coorg Cardamom Selection-1,Amomum subulatum
,,Cinnamon,Cinnamomum verum,Konkan tej
,,,,Navashree
,,,,Nithyshree
,,,,PPI (Ci)-1
,,Clove,Syzygium aromaticum,Lezipore
,,,,Pevang
,,Coriander,Coriandrum sativum,CO-(CR)4
,,,,RCR-41
,,,,RCR-20
,,,,RCR-435
,,,,RCR-446
,,,,GC-1
,,,,GC-2
,,,,Sadhna
,,,,Swati
,,,,Rajendra swati
,,,,Hissar anand
,,,,Pant haritama
,,,,NRCSS-1
,,,,NRCSS-2
,,,,Karan
,,,,Lam sel
,,,,Merrocon
,,,,Hissar sugandha
,,,,IARI sheetal
,,,,Azad coriander-1
,,,,Azad coriander-2
,,Cumin,Cuminum cyminum,S-404
,,,,UC-198
,,,,MC-43
,,,,Gujarat Jeera-1
,,,,GC-2
,,,,GC-3
,,,,RS-1
,,, ,RZ-223
,,,,Gujarat Cumin-4
,,, ,RZ-341
,,,,RZ-19
,,Fennel,Foeniculum vulgare,Gujarat fennel-1
,,,,Mutant-1
,,,,Mutant-2
,,,,Mutant-3
,,,,PF-35
,,,,RF-101
,,,,RF-125
,,,,RF-35
,,,,S-7-9
,,Fenugreek,Trigonella foenum-graecum,Hissar sonali
,,,,HM-1
,,,,Lam selection
,,,,Methi No-47
,,,,Plume-20
,,,,Pusa early bunching
,,,,Pusa kesuri
,,,,RMT-1
,,,,RMT-143
,,Ginger,Zingiber officinale,Bangkok
,,,,Chernad
,,,,Erand
,,,,Himagiri
,,,,IISR mahima
,,,,IISR rejatha 
,,,,Jamaica
,,,,Kuruppampadi
,,,,Maran
,,,,Maran nadan
,,,,Rio de Janeiro
,,,,Suprabha
,,,,Surari
,,,,Suravi
,,,,Suruchi
,,,,Tafengiya
,,,,Wynad manantody
,,Saffron,Crocus sativus
,,Nutmeg,Myristica fragrans,IISR-Viswashree
,,Tamarind,Tamarindus indica,PKM 1
,,,,Yogeshwari
,,,,Urigam
,,,,Hasanur
,,,,Tumkur Prathisthan
,,,,DTS 1
,,Turmeric,Curcuma longa,Allepy finger turmeric
,,,,Amba
,,,,BSR-2
,,,,Erode
,,,,IISR alleppey supreme 
,,,,IISR kedaram
,,,,IISR prabha
,,,,IISR prathiba
,,,,Pant peetabh
,,,,Rajendra sonia
,,,,Ranga
,,,,Saguna
,,,,Salem 
,,,,Sorbha
,,,,Sudarshana
,,,,Sugandham
,,,,Suguna
,,,,Suroma
,Ornamental plant,Anthurium,Anthurium species,Lima White
,,,,Cuba
,,,,Agnihotri
,,,,Liver Red
,,,,Can Can
,,,,Tropical
,,,,Nitta
,,,,Sunburst
,,,,Linda-de-Mol
,,,,Tinora
,,,,Acropolis
,,,,Gino Orange
,,,,Midori
,,Carnation,Dianthus caryophyllus,Aicardi
,,,,Alibaba
,,,,Alicetta
,,,,Angelica
,,,,Anne lies
,,,,Aristo
,,,,Arthur Sim
,,,,Balance
,,,,Baltico
,,,,Barbara
,,,,Barbarot
,,,,Candy
,,,,Charmant Pink Dona
,,,,Cherry Solar
,,,,Corba
,,,,Diana
,,,,Domingo
,,,,Dona
,,,,Dusty
,,,,Elegance and Star light
,,,,Eolo
,,,,Espana
,,,,Etna 
,,,,Excel
,,,,Exquisite
,,,,Fambo
,,,,Famosa Pink Dover
,,,,Farida 
,,,,Flair
,,,,Garuda
,,,,Gaudina
,,,,Green Elegance
,,,,Hermes
,,,,Hilwarda
,,,,Hydra White Liberty
,,,,Kamar
,,,,Karma
,,,,Kissi
,,,,Kooij
,,,,Lady green
,,,,Lenny
,,,,Lima
,,,,Lior
,,,,Madame Coletta
,,,,Malaga
,,,,Maxi
,,,,Nabita
,,,,Nokia
,,,,Nova Scollia
,,,,Odeon
,,,,Olymbia
,,,,Onia
,,,,Pamir
,,,,Pink America
,,,,Pink Eolo
,,,,Pink Monterama
,,,,Pink Shiva
,,,,Pradorova
,,,,Remo
,,,,Rindez Sonya
,,,,Roland
,,,,Rony
,,,,Royalette
,,,,Rubes co
,,,,Sablia
,,,,Sagres
,,,,Salmanca
,,,,Sam’s Pride
,,,,Santamaria
,,,,Scania
,,,,Scarlet
,,,,Scarlet Elegance
,,,,Selecta
,,,,Shanteng
,,,,Shiva
,,,,Silvery pink
,,,,Solar
,,,,Stylo
,,,,Tibet
,,,,Tobago
,,,,Turbo
,,,,Viking
,,,,White Candy
,,,,Wiko
,,,,William Sim
,,,,Yellow solar
,,Chrysanthemum,Chrysanthemum indicum,Agnishikha 
,,,,Ajina purple
,,,,Albert
,,,,Alpine
,,,,Anokha
,,,,Apsara
,,,,Arctic
,,,,Baggi
,,,,Batik
,,,,Birbal sahni
,,,,Chandarkant
,,,,Chandrama
,,,,Charlia
,,,,City beauty
,,,,Cresta
,,,,Day Dream
,,,,Dazzler
,,,,Detroit News
,,,,Dignity
,,,,Dorothan 
,,,,Fantasy
,,,,Florida Marble
,,,,Gamit 
,,,,Ghenghis Khan
,,,,Golden dust
,,,,Graoe bowl 
,,,,Green Sensation
,,,,Gul-a-sahir
,,,,Gypsy Queen
,,,,Haldi ghati
,,,,Harvest Home
,,,,Himanshu
,,,,Hommand Philip
,,,,Indra
,,,,JH Saliburry
,,,,Kasturba Gandhi
,,,,Kingfisher
,,,,Kirti
,,,,Kokovarouri
,,,,M-24
,,,,Maghi
,,,,Mahatma Gandhi
,,,,Manbhavan
,,,,Mandarin
,,,,Meghdoot
,,,,Nanako 
,,,,Navneet yellow
,,,,Parliament
,,,,Peach blossom
,,,,Potomac 
,,,,Pournima
,,,,Rakhee
,,,,Ravi Kiran
,,,,Red star
,,,,Redwest field
,,,,Regalia
,,,,Riot
,,,,Rupasi bangla 
,,,,Sen rin tsukisi
,,,,Shabnam 
,,,,Sharad kumar
,,,,Snowball
,,,,Sonali
,,,,Sonar bangla
,,,,Sweet heart
,,,,Taruni
,,,,Vasantika
,,,,Wild fire
,,Gladiolus,Gladiolus communis,Adventure
,,,,Agnirekha
,,,,Althena
,,,,America
,,,,American beauty
,,,,Angel eyes
,,,,Anniversary
,,,,Apricot delight
,,,,Apricot lustre
,,,,Arlette
,,,,Armstrong
,,,,Atom
,,,,Aurora
,,,,Autumn chafin
,,,,Autumn glow
,,,,Autumn sensation
,,,,Aztec chief
,,,,Big daddy
,,,,Black prince
,,,,Blue bird
,,,,Blue hawaii
,,,,Blue mist
,,,,Blue ruffels
,,,,Blue smoke
,,,,Bonnie
,,,,Bright sides
,,,,Brown beauty
,,,,Burgundy bean
,,,,Bush ballad
,,,,China blue
,,,,Chinese lantern
,,,,Chocolate chip
,,,,Chocolate dip
,,,,Chocolette
,,,,Chrysanthamum kirti
,,,,Classmate
,,,,Coral seas
,,,,Cosmic
,,,,Cotton blossom
,,,,Cream topper
,,,,Crinkled wrinkles
,,,,Dairy queen
,,,,Dawn mist
,,,,Dawn pink
,,,,Decathalon
,,,,Decathalon delicious
,,,,Delphine
,,,,Dew drop
,,,,Dixieland
,,,,Dream girl
,,,,Dresden doll
,,,,Eastern star
,,,,Eclipse
,,,,Ecstasy
,,,,Elegance
,,,,Emerald Isle
,,,,Enchantress
,,,,Enticement
,,,,Eternal city
,,,,Fatima
,,,,Fiesta
,,,,Flos florium
,,,,Folksong
,,,,Forest glade
,,,,Gambier pearl
,,,,Gazal
,,,,Golden harvest
,,,,Golden peach
,,,,Goliath
,,,,Green bay
,,,,Green bird
,,,,Green giant
,,,,Green willow
,,,,Green woodpecker
,,,,Gypsy dancer
,,,,Hastings
,,,,Her majesty
,,,,Heritage
,,,,Honeycomb
,,,,Howard
,,,,Icide
,,,,Illuminator
,,,,Jennifer
,,,,Junior prom
,,,,Kimberly
,,,,Lady bountiful
,,,,Land mark
,,,,Lavender
,,,,Lavender masterpiece
,,,,Legend marjayne
,,,,Lemon lime
,,,,Lemon ruffles
,,,,Limelight
,,,,Linda ruth
,,,,Lipstick
,,,,Little fawn papoose
,,,,Little mo
,,,,Little slam
,,,,Little tiger
,,,,Lunar moth
,,,,Marjorie ann
,,,,Masterpiece memorandum
,,,,Medusa
,,,,Melissa
,,,,Mements
,,,,Mexicali rose
,,,,Mighty mite
,,,,Mikado
,,,,Mint julip
,,,,Misty eyes
,,,,Misty moon
,,,,Moon frost
,,,,Morning bride
,,,,Morning sun
,,,,Music man
,,,,Mystic glow
,,,,Nautilus
,,,,Novellette
,,,,Oasis
,,,,Orange beauty
,,,,Orange chiffon
,,,,Oscar
,,,,Pale moon
,,,,Parade
,,,,Party ruffles
,,,,Patricia jean
,,,,Perky
,,,,Piccolo
,,,,Powder puff
,,,,Priyadarshani
,,,,Province
,,,,Purple giant
,,,,Purple moth
,,,,Pusa suwasini
,,,,Red bantam
,,,,Redeem
,,,,Royal buff
,,,,Royal dame
,,,,Royal glimpse
,,,,Royal gold
,,,,Royal ruffles
,,,,Ruffled lotus
,,,,Salmon queen
,,,,Sassy willie
,,,,Seguoia
,,,,Setting sun
,,,,Shalimar
,,,,Simplicity
,,,,Sister fortuna
,,,,Snow drop
,,,,Snow dust
,,,,Spic and span
,,,,Spring ruffles
,,,,Spring song
,,,,Sugar babe
,,,,Summer garden
,,,,Sundown
,,,,Super star
,,,,Sweet fairy
,,,,Table talk tapestry
,,,,Tangerine
,,,,Tapestry
,,,,Tea party
,,,,The borton
,,,,Thunder bird
,,,,Tropic seas
,,,,Tropicana
,,,,True love
,,,,Upper crust
,,,,Vicki lin
,,,,White enchantress
,,,,White friendship
,,,,White oak
,,,,White wonder
,,Jasmine,Jasminum officinale,Adukkumalli
,,,,Double mohora
,,,,Elusuthu
,,,,Iruvatchi
,,,,Kakada kund
,,,,Kasthurimalli
,,,,Khoya
,,,,Long point
,,,,Long round
,,,,Madanban
,,,,Malliage
,,,,Medium point
,,,,Motia
,,,,Pandal malli
,,,,Pari mullai
,,,,Rai japaness
,,,,Ramabanam
,,,,Short round
,,,,Single mohora
,,,,Suji malliage
,,,,Tree jasmine
,,Marigold,Tagetes erecta,Butter scotch
,,,,Chrysanthamum charm
,,,,Climax
,,,,Cracker jack
,,,,Crown of gold
,,,,Golden age
,,,,Pusa basanti 
,,,,Pusa narangi 
,,,,Rusty red
,,,,Star gold
,,Rose,Rosa chinensis,Abhisarika
,,,,Albertine
,,,,All gold
,,,,American pillar
,,,,Anurag
,,,,Arjun
,,,,Baby pink
,,,,Banjaran
,,,,Bazzo
,,,,Bhim
,,,,Black magic
,,,,Blue moon
,,,,Breth of life
,,,,Buccaneer
,,,,Carelesslove
,,,,Charisma
,,,,Christian doir
,,,,Cindrella
,,,,Confidence
,,,,Crimson glory
,,,,Danse
,,,,Darling
,,,,Dearest
,,,,Delhi 
,,,,Delhi pink
,,,,Delhi princess
,,,,Delhi scarlet
,,,,Delhi starlet
,,,,Desert charm
,,,,Devdasi
,,,,Double delight
,,,,Dr homibhaba
,,,,Drsd mukherjee
,,,,Eiffel tower
,,,,Elelien joy
,,,,Excelsa
,,,,First prize
,,,,First red
,,,,Flemenco shoal
,,,,Florence
,,,,Frisco
,,,,Frist prize
,,,,Ganga
,,,,Garden party
,,,,Gladiator
,,,,Gold buny
,,,,Golden giant
,,,,Golden jewel
,,,,Golden shower
,,,,Grand gala
,,,,Happiness
,,,,Heat wave
,,,,Himanginr
,,,,Himroz
,,,,Hollywood
,,,,Iceberg
,,,,Independence
,,,,Jaguar
,,,,Janter manter
,,,,John f keneddy
,,,,June pride
,,,,Junior miss
,,,,King ransom
,,,,Kiss of fire
,,,,Konfetti
,,,,La france
,,,,La paquerette
,,,,Lady x
,,,,Lahar
,,,,Landora summer sunshine
,,,,Madhosh
,,,,Madhura
,,,,Megenta
,,,,Melody
,,,,Mercedes
,,,,Mischief
,,,,Mischief 
,,,,Montezuma
,,,,Mrinalini
,,,,My choice 
,,,,Nikita
,,,,Noorjahan
,,,,Papa mettland
,,,,Papain eil land
,,,,Paradise
,,,,Party girl
,,,,Priya 
,,,,Puppy love
,,,,Pusa ajay
,,,,Pusa arun
,,,,Pusa bhadhur
,,,,Pusa christina
,,,,Pusa mansaj
,,,,Pusa mohit
,,,,Pusa shatabdi
,,,,Pusa sonia
,,,,Pusa sugandha
,,,,Queen elizabeth
,,,,Rajkumar
,,,,Rajkumari
,,,,Raktagandha
,,,,Ramkrishnadev
,,,,Red flush
,,,,Rodhatte
,,,,Rose sherbat
,,,,Santram
,,,,Scarlet sppertar
,,,,Scentedair
,,,,Sea pearl
,,,,Seventh heaven
,,,,Shola
,,,,Show girl
,,,,Sidhartha
,,,,Sindhor
,,,,Snow carpet
,,,,Sofia lawrence
,,,,Soma
,,,,Sonia
,,,,Starlite
,,,,Stympathy
,,,,Suchitra
,,,,Summer butter
,,,,Summer holiday
,,,,Sunset song
,,,,Superstar
,,,,Swan lake
,,,,The doctor
,,,,Tineke
,,,,Tushar
,,,,Valentine
,,,,Vasant
,,,,Vivaldi
,,,,Week jock
,,,,White pearl
,,,,Yellow doll
,,,,Yellow river
,,,,Zorina
,,Tuberose,Polianthes tuberosa,Mexican single
,,,,Pearl double
,,,,Prajwal
,,,,Shringar
,,,,Suvasini
,,,,Vaibhav
,,Salvia,Salvia officinalis,Hot jazz
,,,,Salmon pygmy
,,,,Pirate
,,,,Early Bonfire
,,,,Red Pillar
,,,,Sutton's fireball
,,,,Hussar
,,,,Carabiniere Scarlet
,,,,Panorama
,,,,America
,,,,St.John's fire
,,,,Fire Dwarf
,,Balsam,Impatiens balsamina,Double camelia flowered
,,,,Rose flowered
,,,,Royal Balsam
,,,,Tall Double
,,,,Dwarf Bush Flowered
,,,,Tom Thumb
,,,,Accent
,,,,Blitz
,,,,Super Elfin
,,,,Minette
,,Anthurium,Anthurium andraeanum,Ozaki
,,,,Kozohara
,,,,Aumana
,,,,Tyam
,,,,Ayashi
,,,,Asahi
,,,,Mickey Mouse
,,,,Cancan
,,,,Avo Rosette
,,,,Avo Serge
,,,,Avo Nette
,,,,Tropical
,,,,Scarlette
,,,,Avo Red
,,,,Avo claudia
,,,,Fla success
,,,,Fla Red
,,,,Fla King
,,,,Mirjam
,,,,Pronto
,,,,Ingrid
,,,,Inka 
,,,,Rio
,,,,Violetta
,,,,Jacqueline
,,,,Mautitious Red
,,,,Tanaka
,,,,Nova-Aurora
,,,,Red Elf
,,,,calypso
,,,,Madame Butterfly
,,,,Splish-Splash
,,,,Nitta
,,,,Sunburst
,,,,Diamond Jubilee
,,,,Fla-range
,,,,Avo Gino
,,,,mauritius orange
,,,,Horning orange
,,,,Horning Rubin
,,,,Manoa Mist
,,,,Uniwai
,,,,Chamlion
,,,,Trinidad
,,,,Hidden Treasure
,,,,De Weese
,,,,maunekea
,,,,suchior
,,,,jamaica
,,,,Myron Moonie
,,,,Acropolis
,,,,Fla-exotic
,,,,Uranus
,,,,Avo-Margeretta
,,,,Avo-Jose
,,,,Cube
,,,,Geisha
,,,,Lima
,,,,Mauritius White
,,,,Haga White
,,,,Abe Pink 
,,,,Blush
,,,,Marian Seefurth
,,,,Candy Stripe
,,,,Avo Anneke
,,,,Hoenette
,,,,Surprise
,,,,Bettine
,,,,Lunette
,,,,Sarina
,,,,Agnihotri
,,,,Lady Jane
,,,,Paradise Pink
,,,,Passion
,,,,Fantasia
,,,,Madona
,,,,Medori Falrose
,,,,Anueune
,,,,Rico Lambada
,,,,Farao
,,,,Carolyne Simone
,,Orchid,Cymbidium type orchid,Angelica Advent
,,,,Dingwall lenes
,,,,Peter Pan 'Greenleaves'
,,,Dendrobium type orchid,Sonia 17
,,,,Sonia 17 Mutant
,,,,Sonia 28 Mutant
,,,,Hieng Beauty
,,,,Renapa
,,,,Dorine White
,,,,Ekapol Panda
,,,,Sakura Pink
,,,,Pramot Sabine
,,,,Emma White
,,,,Kasem White
,,,,Mme Vipar
,,,,Kasem Gold
,,,,PM 11
,,,,Waipahu Beauty
,,,,Sarifa Fatimah
,,,,Walter omae
,,,,Jiad Gold
,,,Arachnis monopodial type orchid
,,,Renanthera type orchid,Red Ribbon
,,,,Yellow Ribbon
,,,Vanda type orchid,John Club
,,,,Josephine Van Brero
,,,,Norbert Alphonso
,,,,Wirat Uchida
,,,,Ruby Prince
,,,Phalaenopsis,Rose parade
,,,,Keith Shaffer
,,,,Temple Cloud
,,,,Hennessy
,,,,Diana Pinky
,,,Oncidium orchid,Goldiana
,,,,Gower Ramsay
,,,Cattleya orchid,Suzanne Hye
,,,,Edithe Bow Bells
,Medicinal plant,Isabgol,Plantago ovata,Gujarat Isabgol-1
,,,,Gujarat Isabgol-2
,,,,Haryana Isabgol-5
,,,,Haryana Isabgol-4
,,,,Nikarika
,,Khasi kateri,Solanum viarum,Arka Mahima 
,,,,Arka Sanjeevani 
,,,,BARC
,,,,Glaxo
,,Liquorice,Glycyrrhiza glabra,Haryana Mulhatti-1
,,Opium poppy,Papaver somniferum,BROP-1
,,,,Chetak Aphim
,,,,Dhawla Chota Gothia
,,,,Jawahar Aphim-16 (JA-16)
,,,,Jawahar Opium 540
,,,,Jawahar Opium-539
,,,,Kirtiman
,,,,Ranjhatak
,,,,Sanchita
,,,,Shyama
,,,,Suya pankhi
,,,,Sweta
,,,,Telia
,,,,Trishna
,,,,Vivek
,,Periwinkle,Catharanthus roseus,Prabhat
,,,,Nirmal
,,,,Dhawal
,,Pipali,Piper longum,Viswam
,,,,Vellanikara -1
,,,,Yercaud (Pl)-9
,,Rauvolfia,Rauvolfia serpentina
,,Senna,Cassia angustifolia
,Aromatic plant,Ambrette seed,Abelmoschus moschatus
,,Chamomile,Matricaria chamomilla
,,Davana,Artemisia pallens
,,French jasmine,Jasminum grandiflorum
,,Indian basil,Ocimum basilicum
,,Java citronella,Cymbopogon winterianus
,,Kewada,Pandanus fascicularis
,,Lemon grass,Cymbopogon flexuosus
,,Mint,Mentha arvensis var. piperascens,EC-41911
,,,,Gomti
,,,,Himalya
,,,,Hybrid-77
,,,,Kalka
,,,,Kosi
,,,,Kukrail
,,,,MAS-2
,,,,MAS-1
,,,,MSS-5
,,,,Punjab Spearmint-1
,,,,Shivalik
,,Palmarosa oil grass,Cymbopogon martini var. motia
,,Patchouli,Pogostemon patchouli
,,Rose geranium,Pelargonium graveolens
,,Vetiver,Vetiveria zizanioides
,Plantation crop,Cashew,Anacardium occidentale,BPP-4
,,,,BPP-6
,,,,BPP-8
,,,,Chintamani-1
,,,,Ullal-1
,,,,Ullal-2
,,,,Ullal-3
,,,,Ullal-4
,,,,UN-50
,,,,Vengurla-1
,,,,Dhana
,,,,K-22-1
,,,,Madakkathara-1
,,,,Madakkathara-2
,,,,Priyanka
,,,,T-No-40
,,,,Vengurla-4
,,,,Vengurla-6
,,,,Bhubaneswar-1
,,,,Jhargram-1
,,,,Jagannath
,,,,Balabhadra
,,Cocoa,Theobroma cacao,Criollo
,,,,Forastero
,,,,Trinitario
,,Coconut,Cocos nucifera,West coast tall
,,,,East coast tall
,,,,Chandrakalpa
,,,,Philippines ordinary
,,,,VPM-3
,,,,Aliyar nagar-1
,,,,Kera sagara
,,,,Benavali green round
,,,,Phillipines tall
,,,,Assam tall
,,,,Kalpadhenu
,,,,Kalpa pratiba
,,,,Kalpa mitra
,,,,Kerakeralam
,,,,Chowghat orange dwarf
,,,,Chowghat green dwarf
,,,,Gangabandom
,,,,Malaysian dwarf yellow
,,,,Dwarf green
,,,,Kalparaksha
,,,,Kerasankara
,,,,Chandralaksha
,,,,Keraganga
,,,,Lakshaganga
,,,,Anandaganga
,,,,Kerasree
,,,,Kerasoubhagya
,,,,VHC-1
,,,,VHC-2
,,,,VHC-3
,,,,Gadavani ganda
,,,,Kalpa samrudhi
,,,,Kalpa shankara
,,,,Gudanjali dwarf
,,Coffee,Coffee arabica,Kents
,,,,S-795
,,,,Sln-9
,,,,Sln-12
,,,,Sln-6
,,,,Sln-5-B
,,,,Sln-5-A
,,,,S-274
,,,,S-270
,,,,San Roman
,,Oil palm,Elaeis guineensis,Dura
,,,,Tenera
,,,,Pesifera
,,Palmyrah palm,Borassus flabellifer
,,Rubber,Hevea brasiliensis
,,Tea,Camellia sinensis,Sundaram
,,,,Singara
,,,,Athrey
,,,,Jayaram
,,,,Golconda
,,,,Brooklands
,,,,UPC-94 (Reshma)
,,Large cardamom,Amomum subulatum,Bebo
,,,,Bharlangey
,,,,Coorg cardamom
,,,,Golsey
,,,,Ramla
,,,,Ramsey
,,,,Sawney
,,,,Green gold
,,Small cardamom,Elettaria cardamomum,CCS 1
,,,,ICRI-1
,,,,ICRI-2
,,,,Malabar type
,,,,Mudigree-1
,,,,Mysore type
,,,,PV-2
,,,,SKP-14
,,,,Vazukha type
,,,,Vijetha
,,Arecanut,Areca catechu,Sreevardhani
,,,,Mangala
,,,,Sumangala
,,,,Sree mangala
,,,,Mohitnagar
,,,,Samrudhi
Cereal crops
Barley,Jau,Jav
Barnyard millet,billion-dollar grasses.,Madira,Sawa,Kudraiwali,Oodalu
Finger millet,caracan millet,Ragi,Mandua,Nagli,Kapai,Madua,African millet,Corakan
Foxtail millet,Italian millet,Kangni,Navane,Tenai,Korra,Rala
Kodo millet,Kodra,Varagu,Haraka,arikalu
Little millet,kutki,Samai,Samalu
Maize,corn,Makka,Makai,Bhutta
Oats
Pearl millet,candle millet,Bajra ,Cattail millet,dark millet,bulrush millet,milheto
Proso millet,Indian buffalo grass,Cheena,Panivaragu,Variga,Baragu
Rice,paddy,Dhan
Sorghum,camel crops,Jowar,Sudan grass
Wheat,Gehun
Pulses crops
Blackgram,black lentil,Urdbean
Chickpea,Bengal gram,Chana
Cluster beans,Guar,Guar bean
Cowpeas, black-eye pea,Southern pea,Lobia
Greengram,golden gram,Mungbean
Kidneybeans,field bean
Lathyrus, sweet peas,Khesari
Lentils,Masur
Field pea,Common Pea
Pigeonpeas,Tropicalgreen pea,Arhar,Red gram,Tur
Soybeans,Soy,Soya bean,Soya, Soja bean,Soja
Oilseed crops
Castor,palm of Christ
Groundnuts, peanut,Moongphali 
Linseed,common flax,Flaxseed,Alsi,Flax
Mustard,Sarson
Niger, ramtil,ramtilla,nyger,nyjer,Blackseed,Kalatil,Surguja
Safflower,kusum,Dyers' saffron,False saffron
Sesame,Gingelly,Til
Sunflower,Surajmukhi
Fruit crops
Almonds,Badam
Annonaceous fruits
Aonla,Indian gooseberry,amla
Apple,Seb 
Apricot,Zardalu,Khubani
Avocado,butter fruit
Bael,Stone apple,Bengal quince,Golden apple,Wood apple,Bili
Bananas,Kela
Ber,Indian jujube,Masau,Chinee apple,Indian plum,Red date
Bread fruit
Carambola,Star fruit
Cherry
Date palm
Durian
Egg fruit,Canisetel
Figs,Anjeer
Grape
Guava,Amrood
Jackfruit,Poor man's fruit,Katahal,Kathal
Jamun,Java plum
Karonda,Karanda
Kiwi
Limes
Lemons
Litchi,Leechee,Lychee,Lichi
Loquat,Japanese medlar,Lokat
Macademia,Australian nut,Queensland nut
Mahua,Indian Butter tree
Mandarins orange
Mango,aam
Mangosteen
Olive
Papaya,Pawpaw,Papita
Passion fruit,Purple granadilla
Peach,Adoo
Pear,Common Pear, European Pear,Bhutan Pear,Nashpati
Pecan nut
Persimmon
Phalsa
Pineapple,anannas
Plum,Alu bukhara
Pomegranate,Anar
Rambutan
Sapota,Sapodilla,chiku,chikoo,Noseberry,chico sapote
Strawberry,Alpine strawberry,Woodland strawberry
Sweet orange,Santara
Walnut
Vegetable crops
Agathi,Gaach-munga,Hathya,Agati
Amaranthus,chaulai
Arrow root,West Indian arrow rot
Ash gourd,White gourd,Wax gourd,Winter melon,Petha
Beet root,Sea beet,Sugarbeet
Bitter gourd,Bitter squash,Bitter melon
Bottle gourd,Bitter squash
Brinjal,Aubergine,Baingan
Broccoli
Brussels sprout
Cabbages,Band gobhi,Paat gobhi,Patta gobhi
Capsicum,Bell pepper,Sweet pepper,chilli pepper,cayenne pepper,paprika,shimla mirch
Carrot,Gajar
Cassava,Tapioca,Manioc,Shakarkand,mandioca
Cauliflowers,Gobhi
Celery,wild celery,Bari ajmod,ajmod
Chilli,Mirch
Coleus,Chinese potato,Koorka
Colocasia
Cucumbers,Khira
Curry Leaf,Kari patta
Drumsticks,Ganigana,Mullakkai,Murrugi,Sahjan,Muringa
Elephant-foot yam,Amorphophallus,Suran,Jimmikand
French bean,Rajmash
Garlic,Lahsun,Lahsan,lassan
Kale
Knol-khol
Lablab bean,Sem
Lettuces,Garden lettuce,Salad
Muskmelon,Melon,Cantaloupe,Honeydew,Sugar melon,Kharbooza
Okra,Ladies finger,Bhindi
Onion,Pyaz
Indian spinach,Palak,Beet leaf,Spinach beet
Parsley
Pea,garden pea,green pea,english pea,Matar
Pointed Gourd,Parwal
Potato,Alu
Pumpkin,Kumrha,Safed kaddu
Radish,Mauli,Mulak,Muli
Ridge gourd,Ribbed gourd
Round melon,Round gourd,Indian squash,Squash melon,tinda
Snake gourd,Chachinda,Chichonda
Spinach
Sponge gourd,Loofah,smooth luffa,ghia torai
Sweet potato,shakrkand
Tannia
Tomato,Tamatar
Turnips,Field mustard,Turnip rape,turnip mustard,Shalgam
Watermelons,Tarbuj,Tarmuj,kalinda,kalindi
Yam bean,Potato bean,mishrikand
Yams,Aerial yam,Air potato,Bitter yam
Mushroom
Spice crops
Betelvine,Pan
Black pepper,kali mirch
Cardomoms (Small)
Cardomoms (large)
Cinnamon,Dalchini
Cloves
Coriander,Dhaniya
Cumin
Fennel,sweet fennel,florence fennel,finocchio,Moti saunf
Fenugreek,Greek-clover,Greek hay,Methi
Ginger,Adrak
Nutmeg, jayaphal,jati-phal
Tamarind,Imli
Turmeric,haldi
Ornamental plants
Anthurium,Flamingo flower,Tail flower,Painter's palette
Carnation
Chrysanthemum,Gul dawoodi
Gladiolus,Natal lily 
Jasmine,Bela
Marigold,Genda
Rose,Gulab
Tuberose
Medicinal plants
Asgand,Ashwagandha,Winter cherry
Dill,Sowa,Soya
Guggal,Indian bdellium
Henbane,Stinking nightshade,Khurasani ajwain,Parseek yawani
Isabgol,Psyllium
Khasi kateri
Liquorice,Mulhati
Opium poppy,Aphim,Khash-khash
Periwinkle,Sadabahar
Pipali,Long pepper
Rauvolfia,Sarpagandha
Senna
Aromatic plants
Ambrette seed,Muskdana
Chamomile,Camomile
Davana,Dhavanam
French jasmine
Indian basil,Thai basil,Sweet basil,Tulsi,Holy basil
Java citronella
Kewada,Screwpine
Lemon grass,Lemongrass,Citronella grass,Fever grass,oil grass,west indian lemon grass,gandhatrina
Mint,Mentha
Palmarosa oil grass,Indian geranium,Gingergrass,Rosha,Rosha grass
Patchouli,Patchouly,Pachouli
Rose geranium,Scented geranium
Vetiver,Khus
Plantation crops
Arecanut,Betelnut,Supari
Cashew,Caju,Kaju
Cocoa,Cacao
Coconuts,Nariyal
Coffee,kafi
Oil palms
Palmyrah palm
Rubber
Tea,Chaay
Fodder crops
Berseem,Berseem clover,Egyptian clover,Bersim
Lucerne,Alfalfa,Buffal herb,bastard medic,purple medic,lusan ghas
Fiber crops
Cotton,White gold
Jute,Nalta Jute,Jew's Mallow,Tossa jute,Pat
Sun Hemp,Bombay hemp,Banaras hemp
Cash crops
Sugarcanes,Sugar cane,Eekh,ganna
Tobacco,Tambaku
Saffron,Saffron crocus,Kesar
Bay leaves,Tejpatta
Sugarbeet
Mothbean
Horsegram,Kulthi
Brown mustard,Rapeseed- Mustard,Rai,Raya,Laha,Indian Mustard,Banarasi Rai,White Mustard,Taramira,Toria
Agave,Sisal,Century plant
Mesta,Roselle,Kenaf
Scented rose,Damask rose

,,,,l















